year,carrier
2004,1.8833073E7
2005,2.144188E7
2006,2.4255294E7
2007,2.8808434E7
2008,2.4048217E7
